<xml version="1.0">
<dashboard>
	<widget field="TurnToAngle : angle difference" type="Number" class="edu.wpi.first.smartdashboard.gui.elements.TextBox">
		<location x="501" y="192"/>
	</widget>
	<widget field="Vision" type="String Chooser" class="edu.wpi.first.smartdashboard.gui.elements.Chooser">
		<location x="484" y="160"/>
	</widget>
	<widget field="Select Controller" type="String Chooser" class="edu.wpi.first.smartdashboard.gui.elements.Chooser">
		<location x="26" y="136"/>
	</widget>
	<widget field="GameController : Port" type="Number" class="edu.wpi.first.smartdashboard.gui.elements.TextBox">
		<location x="150" y="209"/>
	</widget>
	<widget field="Collector : Voltage Reading" type="Number" class="edu.wpi.first.smartdashboard.gui.elements.TextBox">
		<location x="1457" y="79"/>
	</widget>
	<widget field="Launcher : Voltage Reading" type="Number" class="edu.wpi.first.smartdashboard.gui.elements.TextBox">
		<location x="452" y="55"/>
	</widget>
	<widget field="Auto Selector" type="String" class="edu.wpi.first.smartdashboard.gui.elements.TextBox">
		<location x="114" y="17"/>
	</widget>
	<widget field="Indexer : Time Between Periodic" type="Number" class="edu.wpi.first.smartdashboard.gui.elements.TextBox">
		<location x="789" y="76"/>
	</widget>
	<widget field="Indexer : Time for Motor" type="Number" class="edu.wpi.first.smartdashboard.gui.elements.TextBox">
		<location x="813" y="116"/>
	</widget>
	<widget field="Auto choices" type="String Chooser" class="edu.wpi.first.smartdashboard.gui.elements.Chooser">
		<location x="117" y="49"/>
	</widget>
	<widget field="Indexer : Time Before First Periodic" type="Number" class="edu.wpi.first.smartdashboard.gui.elements.TextBox">
		<location x="766" y="41"/>
	</widget>
	<widget field="Agitator : Time For Motor" type="Number" class="edu.wpi.first.smartdashboard.gui.elements.TextBox">
		<location x="1182" y="83"/>
	</widget>
	<widget field="Launcher : Voltage" type="Number" class="edu.wpi.first.smartdashboard.gui.elements.TextBox">
		<location x="501" y="7"/>
	</widget>
	<widget field="Agitator : Time Between Periodic" type="Number" class="edu.wpi.first.smartdashboard.gui.elements.TextBox">
		<location x="1142" y="44"/>
	</widget>
	<widget field="Indexer : Voltage" type="Number" class="edu.wpi.first.smartdashboard.gui.elements.TextBox">
		<location x="825" y="6"/>
	</widget>
	<widget field="Xbox360 : Port" type="Number" class="edu.wpi.first.smartdashboard.gui.elements.TextBox">
		<location x="191" y="175"/>
	</widget>
	<widget field="ThrustMaster : Port" type="Number" class="edu.wpi.first.smartdashboard.gui.elements.TextBox">
		<location x="165" y="144"/>
	</widget>
	<widget field="Collector : Voltage" type="Number" class="edu.wpi.first.smartdashboard.gui.elements.TextBox">
		<location x="1492" y="46"/>
	</widget>
</dashboard>
<live-window>
</live-window>
	<hidden field="Select Controller new"/>
</xml>